,aid,share,view,danmaku,reply,favorite,coin,name
0,10492,59826,-1,415584,72004,167870,25759,
1,8499,10709,2017536,36450,5309,60825,7856,真.三国无双 【兄貴伝】
2,106,9919,3147210,106712,13977,68801,12760,最终鬼畜蓝蓝路
3,2053,9440,-1,59385,14632,90797,18079,
4,4845,7706,-1,16103,1719,29595,1823,
5,706,5605,1755177,7371,21910,103958,16377,【東方】Bad Apple!! ＰＶ【影絵】
6,13441,5248,4225994,315153,21494,31666,20207,CLANNAD~After Story~【1-25话全】【澄空】BD1080P
7,23,4562,-1,40371,9711,29289,2570,
8,314,4464,4190224,194677,31892,132154,26303,电磁炮真是太可爱了
9,4587,4262,-1,9207,2342,32850,3767,
10,1267,3684,-1,32039,14434,49116,6758,
11,10388,3421,-1,12731,4663,16668,948,
12,107,3101,1579886,53853,7415,43438,5903,最终鬼畜二小姐.芙兰朵露
13,5693,2804,326927,31763,2019,16310,2037,"初音ミクが円周率10,000桁覚えたようです。"
14,10429,1639,735273,11128,1210,12798,860,【原版】葛平 吴克 小光头的由来 老物【起源】
15,2,1292,-1,1866,4888,1604,480,字幕君交流场所
16,11486,1273,2640310,176726,2936,12038,3786,【BDRIP】南家三姐妹【第一季】
17,7029,1270,608483,50869,4461,27522,5983,MAD.CLANNAD .さくら-あなたに出会えてよかった
18,11425,1244,-1,11680,2866,7510,287,
19,12999,1088,1503165,101458,3074,21728,4073,【合集】狼与香辛料 第一季【1-13集全】【华盟X元古】720P
20,12275,901,1230415,49928,1775,3223,1262,
21,17615,899,-1,43722,1364,14620,1435,
22,17012,833,2180782,81417,6010,5070,2348,【合辑】公主恋人1 -12话【HKG】
23,9,833,1237494,5025,4858,10015,994,[思密达]无敌金馆长.
24,2332,793,1059693,69108,2382,9053,1715,
25,4143,787,502040,25770,523,6359,1541,超级玛丽完全变态BUG玩法
26,13256,780,303651,55376,956,2954,557,泰国奥特曼，5个奥特曼兄弟来客串
27,7178,743,410422,8641,861,13262,1861,【RSP】樱花相见你【PV】
28,853,733,362178,11379,2095,12196,1675,钉宫系统音洗脑
29,3074,590,-1,3641,870,4976,347,
30,11928,562,92303,2316,161,2074,663,Metro 海阔天空
31,7136,561,609566,35806,1939,17912,1499,
32,7,538,1158359,22770,23613,9991,2189,2012地球便当之日宣传片
33,17500,519,1791185,86223,1653,9863,1989,
34,816,471,529459,15869,3092,12104,2103,金坷垃 美日非K歌金曲CD
35,9297,448,328943,28979,2275,2961,1457,上老师！我想炉心融解[翻唱]Ryu
36,9911,418,1247694,96329,1643,5972,1520,【合集】麻辣教师GTO
37,15647,401,721651,42931,1886,4369,847,
38,17099,396,180399,1646,235,2689,75,
39,3372,393,273857,5640,848,8290,3019,【真·烂苹果】全苹果再现Bad Apple!! PV
40,15836,393,49477,1216,276,1776,243,鬼畜：牛&牛&牛
41,1864,384,43471,731,107,929,70,神曲神欢乐 Wrong Hole
42,5587,365,-1,2092,150,3443,85,
43,11923,364,-1,8912,633,4998,216,
44,4903,359,821974,18608,942,1626,527,【4月】会长是女仆大人！ 第1话【极影】 补档#
45,7565,356,219772,4977,485,2983,188,【非ACG】今晚去找小姐
46,16781,350,-1,43942,1113,2503,1042,
47,11538,339,132044,7245,420,98,228,【完结】荒川爆笑团 第13话【SOSG】
48,6528,335,970162,21569,548,13920,262,
49,6487,321,134856,2958,740,4210,423,（本家）亚拉那一卡
50,12,310,495352,1392,2501,3743,357,音乐与弹幕同步 3.⑤
51,16979,300,167997,3760,909,5372,546,
52,17718,276,334896,11249,746,3330,301,【手办】史上最强手办
53,13960,266,343814,12797,2864,14876,3472,bilibili入站歌-钢琴完整版
54,16000,265,206894,7263,645,1869,217,黑子喝了媚药之后……
55,39,261,179217,7609,1309,2225,139,
56,17527,256,-1,1438,178,6297,131,
57,1579,245,413044,6823,700,4207,250,这是肥音你懂吗
58,1961,237,330972,4109,1407,8813,987,【音MAD】杠杠杠杠杠杠杠杠杠【咲-Saki-×ココロオドル】
59,6654,236,78241,4541,180,2606,194,技術宅的機關術！（ピタゴラスイッチ ピタゴラ装置）
60,3741,235,227625,7183,2036,9884,997,【东方】超萌的审判
61,508,224,-1,4513,880,3409,128,
62,11009,221,75366,16679,240,1834,164,【扭腰舞】皮卡丘真是太可爱了=ω=
63,10601,218,61625,2267,104,824,69,赵云调戏刘备的媳妇
64,12668,210,255816,10073,350,689,226,【7月新番】【SOSG】滑头鬼之孙01
65,3927,207,-1,41170,1724,5373,685,
66,12104,205,140929,2431,459,3051,487,新世纪福音战士 光头葛炮
67,1612,204,296356,8152,2196,4977,1418,【小缘翻唱;完整版】恋愛サーキュレーション
68,17820,204,59919,2972,119,1246,77,【老物】老操帝表示不愿被遗忘
69,12513,201,42020,2826,153,1524,77,
70,6439,201,49959,3129,257,413,53,
71,7117,201,13845,1312,151,500,35,搞笑漫画日和之《西游记：旅程的终点》（中文配音）[修复]
72,11815,200,55376,3170,204,467,30,喜羊羊与灰太狼日语配音版 メエメエちゃんとオオカミ君日本語版
73,2557,199,178063,4874,2177,6434,334,
74,16942,196,80752,130,384,3851,282,【初音ミク】Nyanyanyanyanyanyanya!
75,2904,193,25897,669,142,1673,65,
76,5317,189,-1,4235,557,3597,254,
77,4437,188,363279,10022,293,2109,251,"世界上最难的两个马里奥一命通,猫里奥其实是菜鸟玩的!"
78,1189,183,582455,11280,740,1847,354,【一月】笨蛋测验召唤兽 第1话【HKG】
79,842,182,92859,977,300,2095,334,【天空之城】追随着你【800人合唱】
80,10426,180,339472,75151,472,3039,116,【纯爷们教你吃野味】荒野求生：饮食篇
81,17904,177,23457,4008,497,4547,381,【vip店長】杠杠杠杠咲自摸【鬼畜洗脑伪声】
82,9690,172,24791,1462,97,484,86,
83,5048,161,60580,12507,1410,1170,312,
84,326,155,314069,3483,655,340,205,
85,4127,152,49630,388,81,1760,83,【新海诚】她和她的猫
86,271,150,1089320,529084,3638,6981,704,弹幕测试专用
87,12450,149,316748,3819,3112,4946,377,搬运__【Melendiz — Fuck You All】
88,11242,149,69043,870,327,2771,363,【幸运星】こなた達でアッーウッウッイネイネ
89,7104,149,97991,1332,128,487,22,搞笑漫画日和之《平田的世界》（中文配音）
90,6792,148,40058,758,96,1575,54,
91,8118,147,64620,2316,128,1086,75,蓝蓝路の暴力洗脑
92,5323,146,216115,11443,168,1113,141,猫和老鼠鬼畜配音第二、三集
93,4450,145,167591,3174,739,4173,444,【VAN樣】ローリン♂ダーク
94,6030,144,77604,1074,166,1542,117,【AKB48】不要脱人家水手服啦（睾清）
95,9765,142,232006,17001,1020,5080,210,把妹有风险，投胎需谨慎（内嵌中文字幕）
96,13355,140,77913,6714,537,1355,176,【辟邪&猎奇&神同步】史上最美海豚音
97,250,140,-1,1197,759,855,88,
98,662,136,72198,1583,506,3230,247,「裏表ラバーズ」【PV】
99,17800,135,422677,31146,1143,4572,481,【澄空】我家有个狐仙大人24話全
100,6708,135,103054,4040,221,1063,132,最终鬼畜我自己
101,12541,135,21951,600,79,771,123,换大米进行曲（现场版）
102,17098,135,60130,3110,149,2153,63,【悪ノP】【神威がくぽ·他】ヴェノマニア公の狂気【中世物語風
103,5908,134,231786,14918,420,2845,240,BLASSREITER 720全集
104,3107,131,-1,5220,3626,11471,476,
105,778,131,276166,8494,1029,1194,217,贫穷姐妹物语
106,783,130,287139,7076,623,3141,232,[欢乐笔记本]内置病毒AIPC笔记本电脑
107,8047,130,41717,745,19,187,12,（中文配音）搞笑漫画日和-名侦探兔美
108,6944,128,149997,7286,119,745,158,猫和老鼠鬼畜配音第五集-我的表哥是兄贵
109,24,124,196740,5105,855,2897,296,多那路多信仰风化曲
110,26,124,86121,2166,574,1800,252,蓝蓝路的土耳其进行曲
111,9025,123,56906,932,299,943,53,世界最强的电脑病毒
112,4476,122,-1,18069,752,4134,250,
113,666,122,169440,5319,2358,2714,189,【音ゲーMAD】Dnars【ドナルド×Evans】
114,11127,120,794534,54334,829,7258,755,全金属狂潮第二季(720P)
115,8087,120,140221,7377,85,647,123,猫和老鼠鬼畜配音第六集-决战！北坡保龄球馆！
116,10086,119,215277,4543,1280,1717,165,【中文配音】搞笑漫画日和之贴纸
117,4865,119,-1,767,133,1515,33,
118,7205,117,79433,1605,343,1393,115,真斯巴达！！！
119,16408,116,17431,16168,477,6460,220,【日本搞笑艺人】UNJASH视频合辑
120,13196,114,685276,20483,342,531,566,
121,12534,113,65788,3934,82,2726,72,
122,1799,109,99749,1867,812,2330,492,【小缘X千石撫子】恋愛サーキュレーション
123,637,108,196212,2216,1649,6405,475,【東方】PAD先進国紅魔館【ＰＶ風】【GIF跟风测试】
124,1208,108,103786,3269,114,1614,267,
125,11481,107,35108,1128,334,2043,371,【东方手书PV】End of Daylight
126,1311,105,330916,7459,428,1972,389,
127,20,104,157311,3833,1788,3347,361,【初音ミク(40mP)】巨大少女
128,5522,104,126023,4303,510,1010,206,
129,3493,102,64509,1836,127,643,70,最终鬼畜教官
130,16697,102,291162,2511,22,514,48,
131,12630,102,37661,1071,58,575,41,【蛋疼之作】倒放葛炮原版，字幕是神~！
132,12933,100,33211,4407,102,695,103,猫和老鼠鬼畜配音第八集-第三次北坡大战
133,17476,100,9566,47,12,694,25,（更换高画质）新海诚 猫的聚会（中字）
134,1879,99,117569,6320,1845,3965,275,【東方手書】人生＼(＾o＾)／完蛋了【Full】
135,5544,99,140519,3122,478,2229,27,【5120x2880神高清】鳥の詩 高清病毒出沒注意
136,15666,97,346721,21689,592,2709,409,
137,3536,97,-1,15061,160,5480,252,
138,6069,96,77233,4812,431,2135,169,【真的很好听】三人のおじさん 三个大叔
139,1076,95,70147,1253,208,1394,247,【新世纪福音战士主题曲粤语版】
140,8805,94,175498,4772,618,4888,617,【萌度爆表的終極殺器】釘宮理惠版 恋愛サーキュレーション
141,9250,93,62979,382,80,664,76,一只神奇的猫打嗝的时候同时放屁
142,3778,92,138109,9220,289,2031,157,比利教你如何乱入电影~
143,17505,92,38745,1594,93,1684,100,【リモーネ先生×ハナゴエ】magnet【S极同士】
144,495,91,272462,22965,1764,10523,706,【U.N.】U.N.OWEN就是她？495首合集（总31小时）
145,13555,90,18110,398,48,457,37,变身小啵啵.猫头鹰3种不同变化.萌杀了
146,1834,89,50056,1378,114,578,34,【CS】KZ世界纪录，这不是跳，是飞
147,4146,88,-1,924,345,1869,153,
148,4244,88,66096,3855,371,427,22,
149,12591,86,206965,4251,269,3687,350,「鋼の錬金術師FA」OP/ED合集【完结纪念】
